Image,Class
image6245.jpg,Food
image10409.jpg,Food
image8692.jpg,Decorationandsignage
image10517.jpg,Food
image2580.jpg,Food
image848.jpg,Food
image1232.jpg,Food
image8386.jpg,Attire
image9828.jpg,Food
image9033.jpg,Food
image2857.jpg,misc
image7838.jpg,Decorationandsignage
image6337.jpg,Attire
image3608.jpg,Food
image9190.jpg,misc
image8586.jpg,Attire
image8140.jpg,Attire
image8208.jpg,Food
image1052.jpg,Attire
image3926.jpg,Food
image3726.jpg,Attire
image1491.jpg,Food
image1572.jpg,Attire
image3925.jpg,Attire
image4858.jpg,Food
image1498.jpg,Decorationandsignage
image6432.jpg,Attire
image6175.jpg,Attire
image4756.jpg,Attire
image9174.jpg,misc
image7285.jpg,Food
image5797.jpg,Attire
image3666.jpg,Food
image5597.jpg,Attire
image5663.jpg,Food
image9985.jpg,misc
image7108.jpg,Food
image3064.jpg,Food
image1781.jpg,Food
image9617.jpg,Food
image7924.jpg,Decorationandsignage
image5861.jpg,Food
image4276.jpg,Food
image7252.jpg,misc
image5331.jpg,Food
image8666.jpg,Food
image5984.jpg,Food
image401.jpg,misc
image3483.jpg,misc
image10088.jpg,Food
image6596.jpg,Attire
image318.jpg,Attire
image802.jpg,Attire
image6218.jpg,Attire
image4565.jpg,Food
image37.jpg,Attire
image2372.jpg,Food
image7920.jpg,Food
image3571.jpg,misc
image5368.jpg,Food
image753.jpg,misc
image10123.jpg,misc
image2107.jpg,misc
image1871.jpg,Food
image2731.jpg,misc
image10828.jpg,Attire
image217.jpg,Food
image10788.jpg,Food
image8563.jpg,Attire
image5125.jpg,Food
image2719.jpg,Food
image6911.jpg,Attire
image9095.jpg,Attire
image5207.jpg,Food
image7478.jpg,Attire
image7776.jpg,Food
image3644.jpg,Attire
image8224.jpg,misc
image2565.jpg,Food
image6160.jpg,Food
image2524.jpg,Food
image1722.jpg,Attire
image8457.jpg,Food
image8578.jpg,Food
image1954.jpg,Food
image7643.jpg,Attire
image7714.jpg,Attire
image307.jpg,Attire
image1341.jpg,Food
image8686.jpg,Food
image7887.jpg,Attire
image3274.jpg,Attire
image1426.jpg,Food
image845.jpg,misc
image1549.jpg,Food
image3503.jpg,misc
image2252.jpg,misc
image2767.jpg,Food
image10562.jpg,Food
image7268.jpg,Attire
image9060.jpg,Decorationandsignage
image7529.jpg,Food
image3923.jpg,Attire
image6891.jpg,Food
image5590.jpg,Food
image4302.jpg,misc
image9905.jpg,Food
image3328.jpg,Decorationandsignage
image9614.jpg,Food
image1666.jpg,Attire
image1795.jpg,misc
image2928.jpg,Food
image9002.jpg,Food
image3621.jpg,Food
image4196.jpg,Food
image10143.jpg,Food
image9736.jpg,Attire
image8658.jpg,Attire
image7313.jpg,Attire
image3422.jpg,Food
image9391.jpg,Food
image7732.jpg,Food
image9951.jpg,Food
image9627.jpg,Attire
image5146.jpg,Food
image8480.jpg,misc
image1460.jpg,Food
image8731.jpg,Food
image6637.jpg,Food
image3194.jpg,Food
image9157.jpg,Attire
image5073.jpg,Food
image6354.jpg,Attire
image7809.jpg,Food
image9849.jpg,Food
image9965.jpg,Food
image7334.jpg,Food
image2284.jpg,Food
image5644.jpg,Attire
image9675.jpg,Food
image2866.jpg,Attire
image6954.jpg,Attire
image5395.jpg,misc
image9619.jpg,Food
image8834.jpg,misc
image6991.jpg,Attire
image8762.jpg,Food
image5474.jpg,Food
image8691.jpg,Food
image7879.jpg,Food
image6092.jpg,Food
image8918.jpg,misc
image7682.jpg,Food
image6034.jpg,Food
image9572.jpg,Food
image4291.jpg,Food
image10625.jpg,Food
image7913.jpg,Food
image8135.jpg,Food
image10242.jpg,Food
image7844.jpg,Food
image7795.jpg,Food
image7694.jpg,Attire
image3760.jpg,Food
image7889.jpg,Attire
image528.jpg,Attire
image4611.jpg,Food
image6782.jpg,Food
image2964.jpg,Attire
image2054.jpg,Attire
image7256.jpg,Attire
image4101.jpg,Food
image7368.jpg,Food
image476.jpg,Attire
image3695.jpg,Food
image7845.jpg,Attire
image3256.jpg,misc
image7168.jpg,Food
image9061.jpg,Attire
image3908.jpg,Food
image7595.jpg,Attire
image3883.jpg,Food
image4839.jpg,Attire
image1152.jpg,Attire
image393.jpg,misc
image675.jpg,Food
image7312.jpg,Food
image8410.jpg,Food
image9789.jpg,misc
image2595.jpg,Food
image9221.jpg,misc
image7929.jpg,Attire
image9492.jpg,Attire
image9388.jpg,Food
image10433.jpg,Food
image5595.jpg,misc
image7434.jpg,Food
image9362.jpg,Food
image9346.jpg,Food
image6659.jpg,misc
image7576.jpg,Decorationandsignage
image2759.jpg,Attire
image1512.jpg,Food
image8242.jpg,Food
image2432.jpg,Food
image1361.jpg,Food
image2091.jpg,Food
image6581.jpg,Food
image5385.jpg,Food
image2435.jpg,Food
image3085.jpg,Food
image9244.jpg,Attire
image5102.jpg,Decorationandsignage
image3063.jpg,Food
image6467.jpg,Attire
image4918.jpg,misc
image578.jpg,Food
image7939.jpg,Attire
image5248.jpg,misc
image4645.jpg,Attire
image10859.jpg,Attire
image7742.jpg,misc
image10366.jpg,Food
image9765.jpg,misc
image9238.jpg,misc
image7857.jpg,Attire
image1240.jpg,Food
image8123.jpg,Attire
image10304.jpg,Food
image4722.jpg,Food
image6515.jpg,Food
image7727.jpg,Food
image5253.jpg,Food
image8843.jpg,Food
image9996.jpg,Food
image3671.jpg,Food
image5477.jpg,Attire
image8049.jpg,Attire
image3948.jpg,Attire
image2938.jpg,Food
image974.jpg,Attire
image4635.jpg,Decorationandsignage
image4113.jpg,Food
image4811.jpg,misc
image6062.jpg,Food
image2823.jpg,Food
image9168.jpg,Decorationandsignage
image2149.jpg,Food
image6237.jpg,Attire
image5350.jpg,Decorationandsignage
image10166.jpg,Food
image1603.jpg,Attire
image3198.jpg,Food
image5806.jpg,Attire
image8601.jpg,Attire
image4070.jpg,Attire
image7146.jpg,Attire
image8820.jpg,misc
image6830.jpg,misc
image7457.jpg,Food
image917.jpg,Attire
image8878.jpg,Food
image2894.jpg,Attire
image8755.jpg,Food
image8217.jpg,Food
image10292.jpg,misc
image9911.jpg,Food
image4697.jpg,Food
image9786.jpg,Food
image5355.jpg,Food
image3001.jpg,misc
image7922.jpg,Attire
image3850.jpg,Food
image2773.jpg,Food
image9296.jpg,Food
image9654.jpg,Food
image5958.jpg,Food
image7994.jpg,Food
image10700.jpg,Food
image4791.jpg,Attire
image9423.jpg,Food
image4984.jpg,Food
image8742.jpg,Food
image3227.jpg,Attire
image1121.jpg,Food
image9557.jpg,misc
image5867.jpg,misc
image7264.jpg,misc
image82.jpg,misc
image2226.jpg,misc
image6487.jpg,Food
image1202.jpg,Food
image2465.jpg,Food
image3124.jpg,misc
image10201.jpg,Decorationandsignage
image457.jpg,Attire
image9449.jpg,Food
image3653.jpg,Food
image4375.jpg,Food
image8980.jpg,Attire
image2292.jpg,Food
image4513.jpg,Food
image8710.jpg,Attire
image5016.jpg,Food
image9748.jpg,Food
image5256.jpg,misc
image8312.jpg,Food
image5632.jpg,misc
image8105.jpg,Food
image1284.jpg,Food
image7303.jpg,Food
image282.jpg,Food
image9112.jpg,Food
image597.jpg,misc
image3566.jpg,misc
image5083.jpg,Food
image9746.jpg,Food
image10072.jpg,Food
image1318.jpg,Attire
image5213.jpg,Food
image5362.jpg,Food
image5234.jpg,Decorationandsignage
image7247.jpg,Food
image6125.jpg,Food
image4569.jpg,Decorationandsignage
image9010.jpg,Food
image2279.jpg,Attire
image7412.jpg,misc
image6559.jpg,Food
image455.jpg,Food
image8894.jpg,Attire
image3367.jpg,Attire
image5736.jpg,Attire
image350.jpg,Food
image5057.jpg,Food
image3625.jpg,Food
image1920.jpg,Food
image6692.jpg,misc
image114.jpg,Food
image7115.jpg,Food
image7435.jpg,Food
image736.jpg,Food
image1053.jpg,Food
image6728.jpg,Attire
image8227.jpg,Decorationandsignage
image7719.jpg,Attire
image5621.jpg,Food
image2428.jpg,misc
image389.jpg,Food
image10491.jpg,Attire
image10780.jpg,Attire
image8024.jpg,Attire
image9249.jpg,Attire
image5716.jpg,misc
image3437.jpg,Food
image6943.jpg,misc
image10739.jpg,Food
image3472.jpg,Food
image10486.jpg,Food
image5783.jpg,Attire
image10164.jpg,Attire
image3996.jpg,Attire
image6422.jpg,Food
image8232.jpg,Food
image1902.jpg,misc
image8672.jpg,Attire
image1410.jpg,Attire
image10408.jpg,Attire
image10114.jpg,Food
image1330.jpg,Food
image10314.jpg,Food
image7304.jpg,Food
image10219.jpg,Food
image1964.jpg,Food
image6242.jpg,Food
image6869.jpg,Food
image1247.jpg,Food
image4278.jpg,Food
image4481.jpg,Food
image7815.jpg,Food
image2876.jpg,misc
image8673.jpg,Attire
image1385.jpg,Food
image1961.jpg,Food
image1323.jpg,Food
image3501.jpg,misc
image3062.jpg,Food
image660.jpg,misc
image4938.jpg,Decorationandsignage
image6400.jpg,Food
image3552.jpg,Food
image8620.jpg,Food
image3082.jpg,Attire
image4376.jpg,Decorationandsignage
image6056.jpg,Food
image4519.jpg,Food
image3271.jpg,misc
image9670.jpg,Attire
image1829.jpg,misc
image2360.jpg,misc
image1826.jpg,Food
image10228.jpg,Food
image10142.jpg,Food
image9420.jpg,Food
image2640.jpg,Food
image9846.jpg,Food
image3006.jpg,Attire
image6737.jpg,misc
image1057.jpg,Attire
image9921.jpg,misc
image9170.jpg,Food
image1831.jpg,Food
image5552.jpg,Food
image9664.jpg,Attire
image682.jpg,Food
image4465.jpg,Food
image9350.jpg,Attire
image10241.jpg,misc
image2343.jpg,Attire
image8018.jpg,Attire
image4799.jpg,Food
image5730.jpg,Attire
image5899.jpg,Food
image10468.jpg,Food
image935.jpg,Attire
image7582.jpg,Food
image10010.jpg,misc
image10539.jpg,Food
image2748.jpg,Attire
image4030.jpg,Food
image8274.jpg,Food
image6698.jpg,Food
image2274.jpg,Attire
image3689.jpg,Food
image3428.jpg,Food
image4211.jpg,Food
image5215.jpg,Decorationandsignage
image5137.jpg,Food
image6646.jpg,Food
image1277.jpg,Food
image2702.jpg,Food
image6586.jpg,Decorationandsignage
image1797.jpg,Food
image8726.jpg,Food
image2762.jpg,Attire
image5019.jpg,Decorationandsignage
image2038.jpg,Attire
image6359.jpg,Food
image5734.jpg,Food
image6738.jpg,misc
image9123.jpg,Attire
image3595.jpg,Food
image896.jpg,Food
image119.jpg,Attire
image5026.jpg,Food
image7345.jpg,Food
image2505.jpg,Food
image2233.jpg,Food
image5944.jpg,Food
image5423.jpg,Attire
image8147.jpg,Food
image8440.jpg,misc
image8678.jpg,Attire
image7624.jpg,Food
image2165.jpg,Attire
image4977.jpg,Attire
image2730.jpg,Food
image8664.jpg,Attire
image7330.jpg,misc
image6851.jpg,Attire
image473.jpg,Attire
image8268.jpg,Food
image6266.jpg,Food
image2253.jpg,Food
image3307.jpg,Food
image4245.jpg,Attire
image8389.jpg,Food
image6634.jpg,Food
image5377.jpg,Food
image2639.jpg,Food
image9259.jpg,Attire
image7841.jpg,Food
image5741.jpg,Food
image3714.jpg,Food
image5044.jpg,Food
image10182.jpg,Food
image7178.jpg,Attire
image8889.jpg,Food
image108.jpg,misc
image1335.jpg,Attire
image3221.jpg,Attire
image10053.jpg,Food
image545.jpg,Food
image4877.jpg,Food
image1351.jpg,Food
image3434.jpg,Food
image4931.jpg,Food
image9655.jpg,Attire
image1163.jpg,misc
image5921.jpg,Attire
image218.jpg,Food
image8028.jpg,misc
image5773.jpg,Food
image2552.jpg,Food
image6073.jpg,Food
image4128.jpg,Attire
image3399.jpg,Food
image8780.jpg,Food
image8288.jpg,Attire
image1312.jpg,Food
image2728.jpg,misc
image5466.jpg,Food
image2891.jpg,Food
image6623.jpg,Food
image3233.jpg,misc
image8826.jpg,Attire
image3142.jpg,Attire
image8528.jpg,Food
image5032.jpg,Food
image3166.jpg,Attire
image2711.jpg,Food
image4056.jpg,misc
image1328.jpg,Food
image100.jpg,Attire
image4754.jpg,Food
image4392.jpg,Attire
image4434.jpg,Attire
image8856.jpg,Attire
image10427.jpg,Attire
image5226.jpg,Decorationandsignage
image8104.jpg,misc
image4724.jpg,Food
image7633.jpg,Attire
image1168.jpg,misc
image4786.jpg,Food
image8011.jpg,Food
image8417.jpg,Decorationandsignage
image7090.jpg,Food
image2742.jpg,Food
image9836.jpg,Food
image2152.jpg,Food
image9057.jpg,Attire
image2445.jpg,Attire
image2440.jpg,Attire
image4770.jpg,Attire
image4480.jpg,Decorationandsignage
image10357.jpg,Attire
image4556.jpg,Decorationandsignage
image3835.jpg,Food
image10367.jpg,Food
image5435.jpg,Decorationandsignage
image390.jpg,Food
image2666.jpg,Food
image6566.jpg,Food
image7418.jpg,Attire
image7730.jpg,Decorationandsignage
image4740.jpg,misc
image3026.jpg,Food
image7839.jpg,Attire
image8613.jpg,Food
image5270.jpg,Food
image4691.jpg,Attire
image5623.jpg,Food
image5711.jpg,Food
image824.jpg,Food
image8497.jpg,Attire
image7446.jpg,Food
image5170.jpg,Attire
image5244.jpg,Food
image5275.jpg,Attire
image8724.jpg,misc
image9345.jpg,Attire
image9404.jpg,Attire
image2750.jpg,misc
image1643.jpg,Food
image1649.jpg,Food
image2932.jpg,Attire
image9505.jpg,Food
image7172.jpg,Food
image8711.jpg,Food
image238.jpg,Attire
image143.jpg,Food
image10568.jpg,Food
image2386.jpg,Food
image8567.jpg,Food
image6931.jpg,Attire
image294.jpg,Decorationandsignage
image1165.jpg,Food
image5996.jpg,Food
image8948.jpg,Food
image7751.jpg,Attire
image7620.jpg,Attire
image2520.jpg,misc
image9887.jpg,Food
image2024.jpg,Attire
image6305.jpg,Food
image6000.jpg,Food
image1994.jpg,Food
image7086.jpg,Food
image10365.jpg,misc
image4311.jpg,Attire
image7338.jpg,Attire
image9769.jpg,Food
image571.jpg,Food
image10028.jpg,Food
image4237.jpg,Food
image3728.jpg,Food
image2422.jpg,Attire
image9222.jpg,Attire
image4393.jpg,Food
image5645.jpg,Attire
image8339.jpg,misc
image2410.jpg,Food
image3248.jpg,Attire
image1058.jpg,Food
image410.jpg,Food
image5468.jpg,Food
image9085.jpg,Food
image6324.jpg,Food
image3301.jpg,Attire
image6908.jpg,Attire
image9429.jpg,Food
image126.jpg,Food
image9939.jpg,Food
image6839.jpg,Food
image1501.jpg,Attire
image7062.jpg,Food
image5050.jpg,misc
image2184.jpg,Food
image5176.jpg,Decorationandsignage
image2045.jpg,Food
image2111.jpg,Attire
image10073.jpg,Food
image6191.jpg,Attire
image10688.jpg,misc
image3616.jpg,Food
image3215.jpg,Food
image7517.jpg,Food
image8107.jpg,Attire
image6257.jpg,Attire
image4448.jpg,misc
image3410.jpg,Food
image7148.jpg,Food
image2910.jpg,Attire
image7632.jpg,Food
image2148.jpg,Food
image8549.jpg,Attire
image10294.jpg,Food
image9523.jpg,Food
image6678.jpg,Food
image8279.jpg,Attire
image6021.jpg,Food
image7326.jpg,misc
image8077.jpg,Decorationandsignage
image206.jpg,Food
image6202.jpg,Attire
image2633.jpg,Food
image4860.jpg,Food
image6264.jpg,misc
image7164.jpg,misc
image5725.jpg,Food
image10224.jpg,Attire
image5592.jpg,Attire
image6236.jpg,Attire
image3745.jpg,Food
image8472.jpg,misc
image2918.jpg,Attire
image3357.jpg,misc
image6439.jpg,Food
image5767.jpg,Attire
image6549.jpg,misc
image3250.jpg,Food
image3935.jpg,Food
image4983.jpg,Attire
image9705.jpg,Attire
image7487.jpg,misc
image6766.jpg,Food
image8544.jpg,Food
image1355.jpg,Food
image5782.jpg,Food
image1024.jpg,Food
image9109.jpg,misc
image580.jpg,misc
image3299.jpg,Food
image1432.jpg,Attire
image1926.jpg,Food
image5357.jpg,Attire
image1958.jpg,Food
image8489.jpg,Attire
image2764.jpg,misc
image8187.jpg,Food
image792.jpg,misc
image1231.jpg,Decorationandsignage
image5140.jpg,Food
image5049.jpg,Food
image9525.jpg,Attire
image6431.jpg,Food
image662.jpg,Food
image7324.jpg,Food
image3762.jpg,Food
image5987.jpg,Food
image7498.jpg,Food
image7539.jpg,Attire
image5356.jpg,Food
image9749.jpg,Food
image9081.jpg,misc
image7545.jpg,Decorationandsignage
image8264.jpg,misc
image3005.jpg,Food
image7182.jpg,Food
image9561.jpg,Attire
image7405.jpg,misc
image3999.jpg,Attire
image3579.jpg,Attire
image2503.jpg,Food
image3888.jpg,Attire
image3032.jpg,Food
image8754.jpg,Attire
image2167.jpg,Attire
image8681.jpg,Decorationandsignage
image9995.jpg,misc
image8623.jpg,Food
image3335.jpg,Food
image1609.jpg,Attire
image1654.jpg,Food
image10477.jpg,misc
image9319.jpg,Food
image2736.jpg,Attire
image6916.jpg,Attire
image1969.jpg,Food
image3096.jpg,Attire
image9330.jpg,misc
image3691.jpg,Attire
image9986.jpg,Attire
image10469.jpg,Food
image7410.jpg,Food
image7123.jpg,Food
image5482.jpg,Attire
image444.jpg,Food
image4478.jpg,Food
image10889.jpg,Food
image3289.jpg,Food
image6129.jpg,misc
image631.jpg,misc
image8841.jpg,misc
image8610.jpg,Decorationandsignage
image3951.jpg,misc
image7868.jpg,Attire
image2320.jpg,misc
image10591.jpg,Attire
image6734.jpg,Food
image8205.jpg,Food
image2870.jpg,Food
image7528.jpg,Attire
image2359.jpg,Decorationandsignage
image9372.jpg,Food
image1804.jpg,misc
image10749.jpg,misc
image5862.jpg,Food
image8164.jpg,Food
image6548.jpg,Decorationandsignage
image5111.jpg,misc
image9745.jpg,Attire
image4838.jpg,misc
image1540.jpg,misc
image10645.jpg,Food
image7847.jpg,Attire
image9782.jpg,Food
image9977.jpg,Attire
image10634.jpg,Food
image6498.jpg,Attire
image9461.jpg,Food
image7709.jpg,Food
image7127.jpg,misc
image9118.jpg,Food
image6170.jpg,misc
image5245.jpg,Food
image9482.jpg,Food
image7315.jpg,Food
image3491.jpg,Food
image9709.jpg,Attire
image2846.jpg,Attire
image6733.jpg,Attire
image5460.jpg,Decorationandsignage
image4043.jpg,Attire
image9533.jpg,Food
image8824.jpg,misc
image4861.jpg,Food
image9508.jpg,misc
image1556.jpg,Food
image1049.jpg,Food
image803.jpg,misc
image1087.jpg,Food
image3627.jpg,Food
image8127.jpg,Food
image9577.jpg,Attire
image10819.jpg,Food
image10230.jpg,Attire
image7740.jpg,misc
image5130.jpg,misc
image7241.jpg,Food
image6336.jpg,Food
image9105.jpg,Food
image9308.jpg,Food
image6470.jpg,Food
image7951.jpg,Food
image4766.jpg,Decorationandsignage
image4742.jpg,Food
image938.jpg,Food
image7296.jpg,Attire
image3829.jpg,Food
image3684.jpg,Attire
image895.jpg,Food
image226.jpg,Attire
image7564.jpg,misc
image10074.jpg,Decorationandsignage
image40.jpg,Food
image8737.jpg,Food
image3243.jpg,Food
image1553.jpg,Food
image5822.jpg,Food
image9271.jpg,Food
image488.jpg,Food
image10752.jpg,Food
image2873.jpg,Attire
image3989.jpg,Food
image2133.jpg,Attire
image9481.jpg,misc
image2243.jpg,misc
image1243.jpg,Food
image4775.jpg,misc
image8600.jpg,Food
image10416.jpg,misc
image710.jpg,misc
image665.jpg,Food
image10772.jpg,Food
image10804.jpg,Food
image4819.jpg,Food
image6352.jpg,Food
image7509.jpg,misc
image1035.jpg,Attire
image6520.jpg,Food
image3094.jpg,misc
image1523.jpg,Food
image7944.jpg,Food
image10867.jpg,Food
image1874.jpg,Food
image5399.jpg,Attire
image8156.jpg,Food
image5854.jpg,Attire
image4342.jpg,Decorationandsignage
image4220.jpg,Food
image10457.jpg,Food
image4401.jpg,Food
image107.jpg,Food
image6622.jpg,Food
image2423.jpg,Food
image3511.jpg,Attire
image1525.jpg,Food
image9661.jpg,misc
image4468.jpg,Food
image10261.jpg,Food
image5324.jpg,Food
image6419.jpg,Food
image4924.jpg,Attire
image1618.jpg,misc
image10065.jpg,Food
image1359.jpg,Food
image8763.jpg,Food
image10040.jpg,misc
image6163.jpg,Food
image8538.jpg,misc
image5654.jpg,Attire
image6260.jpg,Food
image705.jpg,Food
image3615.jpg,Attire
image5427.jpg,Food
image1362.jpg,Attire
image10746.jpg,Food
image6833.jpg,Decorationandsignage
image4008.jpg,Food
image9729.jpg,Attire
image2154.jpg,Food
image10697.jpg,misc
image1267.jpg,Decorationandsignage
image2129.jpg,misc
image7658.jpg,Food
image4867.jpg,Food
image10835.jpg,Food
image2884.jpg,Food
image9686.jpg,Food
image10376.jpg,Food
image4225.jpg,Food
image7995.jpg,misc
image5227.jpg,misc
image10737.jpg,Food
image8760.jpg,Food
image176.jpg,Food
image6094.jpg,Food
image2137.jpg,misc
image411.jpg,Decorationandsignage
image6153.jpg,Food
image8782.jpg,Decorationandsignage
image10064.jpg,Attire
image2425.jpg,misc
image956.jpg,misc
image394.jpg,misc
image3234.jpg,Food
image9351.jpg,Food
image1846.jpg,Attire
image8517.jpg,misc
image6871.jpg,Food
image1236.jpg,misc
image3668.jpg,Food
image8282.jpg,Attire
image3353.jpg,Attire
image7540.jpg,Attire
image7536.jpg,Attire
image3055.jpg,Food
image8874.jpg,Food
image130.jpg,Food
image4412.jpg,misc
image3830.jpg,Attire
image5634.jpg,Food
image9853.jpg,Attire
image8204.jpg,Attire
image6998.jpg,Food
image7927.jpg,Food
image5152.jpg,Attire
image9553.jpg,misc
image10388.jpg,Attire
image10670.jpg,Decorationandsignage
image6193.jpg,Food
image5097.jpg,Food
image8653.jpg,Attire
image154.jpg,Food
image9889.jpg,Food
image2058.jpg,misc
image9867.jpg,Food
image10447.jpg,Food
image5045.jpg,Attire
image4253.jpg,Food
image8530.jpg,Food
image2875.jpg,Food
image8967.jpg,Food
image3196.jpg,Attire
image10079.jpg,Food
image3975.jpg,Food
image6631.jpg,misc
image6016.jpg,Attire
image6791.jpg,Attire
image7888.jpg,Food
image4807.jpg,Attire
image3777.jpg,Food
image4712.jpg,Food
image10520.jpg,Attire
image2977.jpg,Food
image7083.jpg,Food
image9343.jpg,Food
image6979.jpg,Food
image386.jpg,misc
image5486.jpg,Attire
image5361.jpg,Food
image8730.jpg,Attire
image3023.jpg,misc
image8584.jpg,Food
image3246.jpg,Attire
image878.jpg,Food
image10105.jpg,misc
image6619.jpg,Decorationandsignage
image4382.jpg,Attire
image7903.jpg,Food
image9589.jpg,Food
image3961.jpg,Food
image7659.jpg,misc
image4639.jpg,Attire
image152.jpg,Food
image9790.jpg,misc
image2354.jpg,misc
image8652.jpg,Food
image5124.jpg,Food
image8656.jpg,misc
image589.jpg,Food
image9866.jpg,Food
image9495.jpg,Attire
image9966.jpg,misc
image5682.jpg,Attire
image8169.jpg,Food
image7768.jpg,misc
image10099.jpg,Attire
image1516.jpg,misc
image7198.jpg,Food
image1791.jpg,Food
image1346.jpg,misc
image4073.jpg,Attire
image10682.jpg,misc
image22.jpg,Attire
image2317.jpg,Food
image3173.jpg,Food
image8998.jpg,Food
image4183.jpg,Food
image6984.jpg,misc
image7667.jpg,Attire
image6014.jpg,Attire
image2956.jpg,Attire
image2216.jpg,Attire
image5364.jpg,Food
image4212.jpg,Attire
image8604.jpg,Food
image6920.jpg,Attire
image5813.jpg,misc
image2953.jpg,Attire
image8358.jpg,Food
image3527.jpg,Decorationandsignage
image2325.jpg,Attire
image8245.jpg,Attire
image1856.jpg,Food
image10406.jpg,Food
image3015.jpg,misc
image10451.jpg,misc
image7163.jpg,Food
image1565.jpg,Attire
image2509.jpg,misc
image3279.jpg,Attire
image1103.jpg,misc
image6759.jpg,Food
image3153.jpg,Food
image7965.jpg,misc
image8039.jpg,Attire
image9120.jpg,Food
image5264.jpg,Food
image8462.jpg,misc
image2344.jpg,Food
image3766.jpg,Food
image4567.jpg,Food
image10654.jpg,Food
image3896.jpg,Food
image9349.jpg,Food
image905.jpg,Attire
image3431.jpg,Food
image6929.jpg,Food
image7400.jpg,Decorationandsignage
image10394.jpg,misc
image7663.jpg,Food
image7199.jpg,Food
image10194.jpg,Attire
image7604.jpg,Attire
image4205.jpg,Attire
image2400.jpg,Food
image8397.jpg,Attire
image10200.jpg,misc
image8566.jpg,Food
image6508.jpg,Food
image2722.jpg,misc
image1962.jpg,Attire
image1629.jpg,Food
image10421.jpg,Attire
image3423.jpg,Food
image7482.jpg,Food
image8299.jpg,Food
image8003.jpg,Food
image4093.jpg,Decorationandsignage
image459.jpg,Food
image9542.jpg,Attire
image4506.jpg,Attire
image5772.jpg,Food
image4445.jpg,Attire
image1223.jpg,Food
image364.jpg,Food
image9549.jpg,Food
image6185.jpg,Food
image9261.jpg,Food
image6039.jpg,misc
image1013.jpg,Food
image8865.jpg,Attire
image10860.jpg,Food
image8708.jpg,Food
image7895.jpg,misc
image10497.jpg,misc
image7118.jpg,misc
image7826.jpg,Attire
image5135.jpg,Food
image3574.jpg,misc
image9037.jpg,Attire
image4134.jpg,Food
image7649.jpg,Decorationandsignage
image7693.jpg,Decorationandsignage
image9575.jpg,Decorationandsignage
image4231.jpg,Attire
image2518.jpg,Attire
image5926.jpg,misc
image6272.jpg,Food
image10076.jpg,Attire
image4173.jpg,Food
image9333.jpg,Food
image9119.jpg,Attire
image3368.jpg,misc
image8482.jpg,Food
image2619.jpg,misc
image5839.jpg,Food
image6230.jpg,Food
image10618.jpg,Decorationandsignage
image5407.jpg,Food
image9858.jpg,Attire
image7040.jpg,Food
image7805.jpg,Food
image10604.jpg,Food
image6618.jpg,misc
image10529.jpg,Food
image156.jpg,Food
image8758.jpg,Decorationandsignage
image2548.jpg,Food
image255.jpg,Food
image10452.jpg,Food
image9518.jpg,Food
image3320.jpg,Attire
image241.jpg,misc
image8838.jpg,Attire
image4431.jpg,Food
image3411.jpg,Food
image5728.jpg,Decorationandsignage
image209.jpg,Food
image4223.jpg,Attire
image8220.jpg,misc
image6855.jpg,Food
image5674.jpg,Food
image5627.jpg,Food
image5425.jpg,Food
image2479.jpg,Food
image9811.jpg,Food
image7499.jpg,Decorationandsignage
image1490.jpg,misc
image4913.jpg,Attire
image5420.jpg,Food
image6608.jpg,Attire
image2690.jpg,Food
image4250.jpg,Food
image9724.jpg,Food
image6744.jpg,Food
image8956.jpg,Food
image3721.jpg,Food
image6684.jpg,Attire
image6493.jpg,misc
image10764.jpg,Attire
image8700.jpg,Food
image9999.jpg,Food
image4303.jpg,Food
image3278.jpg,Food
image9721.jpg,Attire
image808.jpg,Food
image6294.jpg,Decorationandsignage
image4597.jpg,Food
image564.jpg,Food
image6792.jpg,Food
image4781.jpg,Attire
image6526.jpg,misc
image4340.jpg,Food
image3561.jpg,Food
image3058.jpg,Attire
image10062.jpg,misc
image4034.jpg,misc
image6095.jpg,misc
image8629.jpg,misc
image2130.jpg,Attire
image1492.jpg,Food
image5677.jpg,Food
image6784.jpg,Attire
image2368.jpg,Food
image7699.jpg,Food
image6793.jpg,Food
image5143.jpg,Food
image9049.jpg,Food
image2919.jpg,Food
image5299.jpg,Food
image9036.jpg,misc
image10051.jpg,Attire
image5596.jpg,Attire
image3734.jpg,Attire
image3329.jpg,misc
image1788.jpg,Attire
image5577.jpg,Food
image10249.jpg,Food
image10505.jpg,Food
image1478.jpg,Food
image3720.jpg,Food
image2665.jpg,Attire
image6083.jpg,Food
image6877.jpg,Food
image1077.jpg,Food
image5041.jpg,misc
image10624.jpg,Food
image7808.jpg,misc
image5123.jpg,Food
image4625.jpg,Food
image1822.jpg,Food
image3150.jpg,Attire
image9269.jpg,Attire
image1576.jpg,Food
image1250.jpg,Attire
image4152.jpg,misc
image4547.jpg,misc
image4900.jpg,Food
image9547.jpg,Food
image132.jpg,Food
image4038.jpg,Attire
image10671.jpg,Food
image2544.jpg,Food
image2814.jpg,misc
image1644.jpg,Attire
image5411.jpg,Attire
image5107.jpg,Food
image4654.jpg,Attire
image7957.jpg,Food
image323.jpg,Food
image7029.jpg,Food
image4704.jpg,misc
image4323.jpg,Food
image7892.jpg,Food
image7631.jpg,Food
image8110.jpg,Food
image10524.jpg,Attire
image4863.jpg,Attire
image6789.jpg,Food
image5084.jpg,Attire
image8094.jpg,Food
image4475.jpg,Food
image5555.jpg,misc
image9127.jpg,Attire
image7485.jpg,Food
image7685.jpg,Food
image5171.jpg,Food
image3964.jpg,Attire
image4381.jpg,Food
image6702.jpg,Food
image4596.jpg,misc
image6212.jpg,Attire
image4160.jpg,Decorationandsignage
image5169.jpg,Food
image10050.jpg,Food
image7989.jpg,Food
image8864.jpg,Decorationandsignage
image10379.jpg,Food
image6423.jpg,Attire
image8017.jpg,misc
image5250.jpg,Food
image9448.jpg,Food
image1993.jpg,Food
image9183.jpg,Attire
image8790.jpg,Food
image7646.jpg,Food
image3661.jpg,Attire
image2430.jpg,Food
image6267.jpg,misc
image9780.jpg,Food
image1552.jpg,Food
image10643.jpg,Attire
image3494.jpg,Food
image4782.jpg,Food
image8327.jpg,Food
image7793.jpg,Food
image4986.jpg,Food
image951.jpg,Attire
image2634.jpg,Food
image5876.jpg,Food
image2096.jpg,misc
image5030.jpg,Food
image3228.jpg,Attire
image9341.jpg,Attire
image4767.jpg,Food
image2333.jpg,Attire
image3560.jpg,Food
image9462.jpg,Food
image8800.jpg,Food
image9881.jpg,Food
image5271.jpg,Attire
image2467.jpg,Attire
image6020.jpg,Attire
image3652.jpg,Attire
image3270.jpg,Attire
image9029.jpg,misc
image689.jpg,misc
image9989.jpg,Attire
image2280.jpg,Food
image6513.jpg,Food
image8988.jpg,Food
image3388.jpg,Food
image6666.jpg,Decorationandsignage
image9193.jpg,misc
image7154.jpg,Food
image4135.jpg,Food
image846.jpg,Food
image10590.jpg,Attire
image3895.jpg,Food
image8427.jpg,Attire
image5541.jpg,Food
image10407.jpg,Food
image7403.jpg,misc
image3014.jpg,Food
image7791.jpg,Food
image4640.jpg,Food
image6079.jpg,Attire
image5737.jpg,Attire
image8490.jpg,Food
image6009.jpg,Food
image10246.jpg,Food
image2281.jpg,Food
image6138.jpg,Attire
image10340.jpg,Decorationandsignage
image8342.jpg,misc
image8422.jpg,misc
image2989.jpg,Food
image9767.jpg,Food
image10300.jpg,Food
image8468.jpg,Attire
image2278.jpg,Food
image10760.jpg,Food
image7289.jpg,Decorationandsignage
image8333.jpg,misc
image1449.jpg,Food
image1985.jpg,Attire
image10319.jpg,Attire
image3872.jpg,Food
image1768.jpg,Food
image4906.jpg,Attire
image1815.jpg,Attire
image6890.jpg,misc
image3216.jpg,misc
image6858.jpg,Food
image3239.jpg,Attire
image9774.jpg,misc
image5729.jpg,Food
image953.jpg,Food
image5433.jpg,Food
image3864.jpg,Food
image1775.jpg,Attire
image1306.jpg,Food
image9806.jpg,misc
image2772.jpg,misc
image9175.jpg,Attire
image1477.jpg,Attire
image10102.jpg,Attire
image6880.jpg,Food
image10537.jpg,Attire
image8660.jpg,Food
image9791.jpg,Food
image4440.jpg,Food
image6232.jpg,Food
image3092.jpg,Food
image8087.jpg,Food
image490.jpg,Food
image10103.jpg,Food
image6903.jpg,Food
image5927.jpg,Food
image10001.jpg,misc
image6510.jpg,Food
image8930.jpg,Food
image548.jpg,Attire
image10252.jpg,Attire
image9407.jpg,Decorationandsignage
image7420.jpg,Attire
image8016.jpg,Food
image6142.jpg,Attire
image7195.jpg,misc
image7208.jpg,Food
image1050.jpg,Attire
image5177.jpg,Food
image9923.jpg,Attire
image759.jpg,Food
image5149.jpg,Attire
image5648.jpg,misc
image7399.jpg,misc
image5969.jpg,Food
image9436.jpg,Attire
image10871.jpg,Attire
image6762.jpg,Food
image10622.jpg,misc
image3867.jpg,Food
image8785.jpg,Decorationandsignage
image1118.jpg,Food
image2507.jpg,Food
image8267.jpg,Food
image3176.jpg,misc
image964.jpg,misc
image1662.jpg,misc
image9004.jpg,Attire
image3086.jpg,Attire
image1943.jpg,Decorationandsignage
image2995.jpg,Attire
image6807.jpg,Food
image3776.jpg,Attire
image3429.jpg,Food
image10846.jpg,Attire
image7873.jpg,Food
image2834.jpg,Attire
image3426.jpg,misc
image2653.jpg,Food
image1650.jpg,Food
image7437.jpg,Food
image1054.jpg,Food
image4373.jpg,Food
image8090.jpg,Food
image6912.jpg,Attire
image7516.jpg,Food
image10725.jpg,Food
image1391.jpg,misc
image5476.jpg,Attire
image1886.jpg,Food
image10324.jpg,Food
image6864.jpg,Food
image6671.jpg,Food
image5880.jpg,Food
image7752.jpg,Food
image7736.jpg,Food
image197.jpg,Food
image4330.jpg,Food
image10721.jpg,Food
image8525.jpg,Food
image8572.jpg,misc
image8136.jpg,Attire
image7193.jpg,Food
image2217.jpg,misc
image5181.jpg,Food
image10740.jpg,Food
image452.jpg,misc
image8027.jpg,Food
image10607.jpg,misc
image4666.jpg,Food
image1342.jpg,misc
image6124.jpg,Food
image7992.jpg,Food
image636.jpg,Food
image10370.jpg,misc
image5182.jpg,misc
image6613.jpg,Food
image9805.jpg,Food
image4063.jpg,Food
image7963.jpg,Food
image4100.jpg,Decorationandsignage
image2960.jpg,Attire
image10461.jpg,misc
image7812.jpg,misc
image4054.jpg,misc
image6820.jpg,Food
image8917.jpg,Food
image3798.jpg,Food
image7440.jpg,Food
image6278.jpg,Food
image8053.jpg,Attire
image4772.jpg,Attire
image7287.jpg,Food
image10146.jpg,Food
image8625.jpg,misc
image10082.jpg,Food
image8439.jpg,Food
image9562.jpg,Decorationandsignage
image6517.jpg,Food
image5272.jpg,Attire
image5638.jpg,Food
image314.jpg,Food
image8827.jpg,Food
image2220.jpg,Food
image8201.jpg,Food
image10049.jpg,Food
image4057.jpg,Attire
image1897.jpg,Food
image1079.jpg,Food
image10302.jpg,misc
image2118.jpg,Food
image7417.jpg,misc
image9808.jpg,Food
image8086.jpg,misc
image5310.jpg,Attire
image6629.jpg,Attire
image3192.jpg,Food
image7599.jpg,Attire
image6614.jpg,Food
image8175.jpg,Decorationandsignage
image7295.jpg,Attire
image2815.jpg,Food
image4181.jpg,Food
image8723.jpg,Food
image4456.jpg,Attire
image10789.jpg,Attire
image1248.jpg,Food
image10541.jpg,Food
image9753.jpg,Food
image10426.jpg,Food
image743.jpg,Attire
image6239.jpg,Attire
image3112.jpg,misc
image9936.jpg,Attire
image4800.jpg,Food
image6521.jpg,misc
image9599.jpg,misc
image9885.jpg,Attire
image10474.jpg,Food
image2510.jpg,Attire
image4853.jpg,Food
image8059.jpg,Food
image7431.jpg,Food
image4919.jpg,Attire
image6992.jpg,Food
image2497.jpg,Food
image5935.jpg,Food
image712.jpg,Attire
image518.jpg,Food
image4851.jpg,Food
image10648.jpg,Food
image5198.jpg,Food
image7886.jpg,Food
image5246.jpg,Food
image8612.jpg,Food
image1466.jpg,Food
image1258.jpg,Food
image5637.jpg,Food
image6048.jpg,Attire
image9090.jpg,misc
image10183.jpg,Attire
image1580.jpg,Food
image10420.jpg,Food
image9097.jpg,Food
image9524.jpg,Food
image7416.jpg,Food
image3272.jpg,misc
image2493.jpg,Food
image9719.jpg,Food
image8690.jpg,Food
image4677.jpg,misc
image7355.jpg,Food
image3463.jpg,misc
image10755.jpg,Food
image10718.jpg,misc
image10616.jpg,Attire
image568.jpg,Attire
image4019.jpg,Food
image1238.jpg,Food
image4264.jpg,Food
image6398.jpg,Food
image4907.jpg,Attire
image6428.jpg,misc
image1591.jpg,misc
image3812.jpg,misc
image10695.jpg,Attire
image3724.jpg,Food
image4752.jpg,misc
image8885.jpg,misc
image10354.jpg,Food
image10617.jpg,Food
image3859.jpg,Food
image8251.jpg,Attire
image8981.jpg,Food
image503.jpg,Food
image10014.jpg,Food
image8328.jpg,Decorationandsignage
image8607.jpg,Attire
image9683.jpg,Food
image2442.jpg,Food
image7572.jpg,Food
image117.jpg,Food
image8101.jpg,Food
image9224.jpg,Food
image6972.jpg,Food
image8537.jpg,Food
image6691.jpg,Food
image10731.jpg,Attire
image2376.jpg,Attire
image4972.jpg,misc
image9432.jpg,Decorationandsignage
image6810.jpg,misc
image9517.jpg,Food
image8452.jpg,misc
image5787.jpg,Food
image8577.jpg,Food
image5417.jpg,Attire
image5249.jpg,Food
image1990.jpg,Attire
image5279.jpg,Attire
image3079.jpg,Decorationandsignage
image8765.jpg,Attire
image3387.jpg,Attire
image3481.jpg,Food
image3565.jpg,misc
image6456.jpg,Food
image6654.jpg,Food
image3739.jpg,misc
image9283.jpg,Decorationandsignage
image6958.jpg,Food
image5591.jpg,Food
image1262.jpg,Decorationandsignage
image8500.jpg,Food
image6647.jpg,Attire
image5612.jpg,Food
image5900.jpg,misc
image375.jpg,Food
image5157.jpg,misc
image10207.jpg,misc
image5082.jpg,Attire
image3427.jpg,Attire
image5099.jpg,misc
image6465.jpg,Attire
image10031.jpg,Food
image9005.jpg,misc
image8362.jpg,Attire
image2579.jpg,Food
image2700.jpg,Attire
image4890.jpg,Food
image6221.jpg,misc
image3391.jpg,Food
image4123.jpg,Food
image54.jpg,Food
image2363.jpg,Food
image5713.jpg,Attire
image4532.jpg,Attire
image3945.jpg,Food
image5799.jpg,Decorationandsignage
image4627.jpg,Attire
image303.jpg,Attire
image9788.jpg,misc
image10275.jpg,Decorationandsignage
image4769.jpg,Attire
image8784.jpg,Food
image1855.jpg,Attire
image7782.jpg,Attire
image10163.jpg,Food
image7588.jpg,Food
image8202.jpg,Food
image8715.jpg,misc
image8233.jpg,misc
image6516.jpg,Food
image832.jpg,Food
image995.jpg,Food
image5432.jpg,Food
image9478.jpg,misc
image9755.jpg,Food
image6224.jpg,misc
image7765.jpg,Food
image3377.jpg,misc
image7606.jpg,Attire
image4268.jpg,Food
image7170.jpg,Food
image2039.jpg,Food
image7386.jpg,Attire
image1111.jpg,Food
image8317.jpg,Attire
image10052.jpg,Decorationandsignage
image3562.jpg,Food
image6322.jpg,Food
image6578.jpg,Attire
image6859.jpg,Decorationandsignage
image6482.jpg,Food
image2850.jpg,Food
image7943.jpg,Food
image9202.jpg,Attire
image8054.jpg,misc
image2983.jpg,misc
image5382.jpg,misc
image9743.jpg,Food
image4736.jpg,Food
image4719.jpg,Decorationandsignage
image5189.jpg,misc
image7000.jpg,Food
image4040.jpg,Attire
image4363.jpg,Food
image2256.jpg,Food
image4917.jpg,Food
image4911.jpg,Attire
image2504.jpg,Decorationandsignage
image502.jpg,Food
image9659.jpg,Food
image7803.jpg,misc
image9058.jpg,misc
image3354.jpg,Food
image4169.jpg,Attire
image4854.jpg,misc
image8419.jpg,Food
image9280.jpg,Attire
image3496.jpg,Food
image7436.jpg,Food
image6562.jpg,Food
image1496.jpg,misc
image8257.jpg,Attire
image9698.jpg,Attire
image9864.jpg,misc
image1181.jpg,Food
image8311.jpg,Attire
image5424.jpg,Food
image9113.jpg,Food
image4939.jpg,Food
image5003.jpg,misc
image8968.jpg,Food
image6640.jpg,Attire
image5970.jpg,Food
image1195.jpg,misc
image244.jpg,misc
image7954.jpg,misc
image5587.jpg,Food
image4299.jpg,Attire
image658.jpg,Food
image9467.jpg,Attire
image9772.jpg,misc
image8067.jpg,Food
image7996.jpg,Food
image965.jpg,Attire
image7821.jpg,Food
image7511.jpg,Attire
image3839.jpg,Attire
image563.jpg,Food
image8603.jpg,Food
image7430.jpg,Decorationandsignage
image10484.jpg,misc
image6068.jpg,Food
image4692.jpg,Food
image8271.jpg,Attire
image8957.jpg,Food
image6488.jpg,misc
image5015.jpg,Attire
image6854.jpg,Food
image6350.jpg,Food
image8622.jpg,Attire
image7157.jpg,Food
image8641.jpg,Food
image2934.jpg,Food
image10632.jpg,Food
image1356.jpg,Food
image4678.jpg,Food
image4274.jpg,Attire
image109.jpg,misc
image8803.jpg,Food
image8381.jpg,Food
image5770.jpg,Food
image9862.jpg,Food
image3970.jpg,misc
image5150.jpg,Food
image8347.jpg,misc
image6994.jpg,Food
image4732.jpg,Food
image5579.jpg,Attire
image6969.jpg,misc
image10222.jpg,Attire
image2052.jpg,Decorationandsignage
image8428.jpg,Attire
image75.jpg,misc
image10094.jpg,Attire
image5565.jpg,misc
image7414.jpg,Decorationandsignage
image2682.jpg,Food
image4884.jpg,Attire
image5641.jpg,Food
image8775.jpg,Attire
image10586.jpg,Attire
image9639.jpg,Decorationandsignage
image10558.jpg,misc
image4682.jpg,Food
image3245.jpg,misc
image9177.jpg,misc
image6097.jpg,Decorationandsignage
image2365.jpg,misc
image2974.jpg,misc
image7640.jpg,Food
image4699.jpg,Food
image3097.jpg,Food
image9604.jpg,Food
image10397.jpg,Food
image5538.jpg,Food
image6246.jpg,Food
image4259.jpg,Food
image480.jpg,Attire
image8055.jpg,Attire
image9250.jpg,Attire
image4846.jpg,Attire
image339.jpg,Food
image3740.jpg,misc
image1480.jpg,misc
image1209.jpg,misc
image8239.jpg,Food
image4949.jpg,misc
image4564.jpg,Food
image1429.jpg,misc
image8300.jpg,Food
image6019.jpg,misc
image5605.jpg,Food
image9422.jpg,misc
image4293.jpg,Attire
image3136.jpg,misc
image5511.jpg,misc
image10056.jpg,Food
image7117.jpg,Attire
image63.jpg,Food
image423.jpg,Decorationandsignage
image7753.jpg,Attire
image5858.jpg,Attire
image9920.jpg,Food
image5295.jpg,misc
image2511.jpg,Attire
image5038.jpg,Food
image461.jpg,Food
image3575.jpg,Decorationandsignage
image10098.jpg,Food
image10519.jpg,Food
image9665.jpg,Attire
image10157.jpg,Attire
image8912.jpg,Attire
image10650.jpg,misc
image1695.jpg,Attire
image7519.jpg,Food
image7026.jpg,Attire
image9145.jpg,misc
image6286.jpg,misc
image6006.jpg,misc
image10579.jpg,Decorationandsignage
image994.jpg,misc
image1303.jpg,Food
image5706.jpg,Food
image6512.jpg,Food
image5475.jpg,Attire
image3211.jpg,Food
image5868.jpg,Food
image6985.jpg,Food
image8764.jpg,misc
image4903.jpg,misc
image175.jpg,misc
image5283.jpg,Food
image5668.jpg,Food
image9551.jpg,misc
image10813.jpg,misc
image7294.jpg,Food
image6672.jpg,misc
image6818.jpg,Attire
image10837.jpg,misc
image8373.jpg,Attire
image6347.jpg,Food
image5077.jpg,Food
image122.jpg,misc
image3425.jpg,Food
image4127.jpg,Attire
image4585.jpg,Food
image6591.jpg,misc
image6648.jpg,Food
image4886.jpg,misc
image7222.jpg,Food
image8506.jpg,Attire
image6483.jpg,Attire
image3362.jpg,misc
image1215.jpg,Attire
image8650.jpg,Attire
image4017.jpg,Food
image722.jpg,Food
image4955.jpg,Food
image9206.jpg,Attire
image4546.jpg,Attire
image9975.jpg,Food
image2774.jpg,Food
image8070.jpg,Attire
image9480.jpg,Food
image4355.jpg,Food
image9207.jpg,Food
image1692.jpg,Food
image5335.jpg,Food
image7548.jpg,Food
image10459.jpg,Food
image8277.jpg,Attire
image5732.jpg,misc
image4805.jpg,Food
image4460.jpg,misc
image3356.jpg,Food
image5873.jpg,Attire
image10653.jpg,Food
image5872.jpg,Food
image2708.jpg,Food
image7141.jpg,misc
image6200.jpg,Attire
image7110.jpg,Food
image9759.jpg,misc
image1813.jpg,Food
image6353.jpg,Attire
image484.jpg,misc
image7537.jpg,Food
image2238.jpg,Food
image2297.jpg,Attire
image4421.jpg,Food
image3765.jpg,Food
image5008.jpg,misc
image10077.jpg,Decorationandsignage
image9069.jpg,misc
image9273.jpg,Food
image7135.jpg,Food
image1206.jpg,Food
image5236.jpg,misc
image10832.jpg,Attire
image3554.jpg,Food
image10637.jpg,Food
image5470.jpg,Attire
image6443.jpg,Attire
image1948.jpg,misc
image3897.jpg,Attire
image5692.jpg,Attire
image4970.jpg,misc
image7597.jpg,Attire
image2194.jpg,misc
image9576.jpg,Food
image8761.jpg,Food
image7081.jpg,Food
image6330.jpg,Attire
image5704.jpg,Food
image9234.jpg,Attire
image9647.jpg,Food
image9107.jpg,Food
image1098.jpg,Food
image5330.jpg,Attire
image2159.jpg,Attire
image7105.jpg,Food
image365.jpg,Food
image7160.jpg,Food
image8465.jpg,Food
image4125.jpg,Attire
image6556.jpg,Attire
image9458.jpg,misc
image6148.jpg,Food
image10521.jpg,Food
image1938.jpg,misc
image4601.jpg,Food
image721.jpg,Food
image7060.jpg,Attire
image4252.jpg,misc
image3871.jpg,Food
image6495.jpg,Food
image7862.jpg,Food
image4929.jpg,misc
image6271.jpg,misc
image297.jpg,Food
image10444.jpg,Food
image6120.jpg,Food
image6491.jpg,Food
image6927.jpg,Attire
image837.jpg,Food
image8938.jpg,misc
image6165.jpg,Attire
image2155.jpg,Attire
image552.jpg,Attire
image4059.jpg,Attire
image5672.jpg,Food
image4510.jpg,Food
image8901.jpg,Attire
image10456.jpg,Food
image7301.jpg,Food
image7717.jpg,Decorationandsignage
image4821.jpg,misc
image409.jpg,misc
image6201.jpg,misc
image9143.jpg,Attire
image3813.jpg,Food
image4675.jpg,Food
image3538.jpg,Attire
image1124.jpg,Attire
image10044.jpg,Decorationandsignage
image8667.jpg,Attire
image914.jpg,Food
image9334.jpg,Food
image133.jpg,Food
image8941.jpg,Food
image6706.jpg,Food
image10039.jpg,Food
image8952.jpg,Food
image5421.jpg,Attire
image4459.jpg,Decorationandsignage
image9199.jpg,Attire
image1333.jpg,Food
image6111.jpg,Decorationandsignage
image7380.jpg,Food
image8772.jpg,Food
image5326.jpg,Food
image10417.jpg,misc
image5835.jpg,Food
image494.jpg,Food
image7761.jpg,Attire
image7255.jpg,misc
image5455.jpg,Attire
image8543.jpg,Food
image8030.jpg,Food
image2608.jpg,Food
image1573.jpg,Food
image1137.jpg,Attire
image871.jpg,Attire
image1665.jpg,Food
image926.jpg,misc
image1074.jpg,Food
image284.jpg,Food
image8573.jpg,Attire
image1570.jpg,Attire
image4901.jpg,Food
image6511.jpg,misc
image7143.jpg,misc
image8241.jpg,Food
image403.jpg,Attire
image1927.jpg,Food
image9332.jpg,Attire
image6379.jpg,Attire
image7442.jpg,misc
image8965.jpg,misc
image2064.jpg,misc
image5325.jpg,Food
image3922.jpg,Attire
image8828.jpg,Attire
image10829.jpg,Food
image10240.jpg,misc
image9242.jpg,Food
image4746.jpg,Food
image8269.jpg,Attire
image4583.jpg,Food
image239.jpg,misc
image8115.jpg,Attire
image10093.jpg,Food
image10877.jpg,Food
image3340.jpg,misc
image7460.jpg,misc
image9876.jpg,Attire
image7325.jpg,Food
image4147.jpg,Food
image3939.jpg,Food
image2207.jpg,Food
image4387.jpg,Food
image1092.jpg,misc
image9760.jpg,Food
image8739.jpg,Attire
image4835.jpg,Food
image4804.jpg,misc
image9064.jpg,Food
image5574.jpg,Food
image10206.jpg,Decorationandsignage
image7952.jpg,Food
image6187.jpg,Food
image8493.jpg,Food
image3235.jpg,misc
image10876.jpg,Food
image5467.jpg,Attire
image10613.jpg,misc
image5932.jpg,Attire
image7872.jpg,misc
image3025.jpg,Attire
image8064.jpg,Attire
image3348.jpg,Food
image1452.jpg,Food
image2237.jpg,Attire
image252.jpg,Food
image3417.jpg,Attire
image10250.jpg,Food
image4590.jpg,Food
image8503.jpg,misc
image6065.jpg,Attire
image7501.jpg,Attire
image9783.jpg,Food
image1259.jpg,Food
image8947.jpg,Food
image10430.jpg,Food
image7318.jpg,Food
image7411.jpg,Attire
image8794.jpg,Attire
image6822.jpg,Food
image6033.jpg,misc
image4837.jpg,Food
image10271.jpg,Food
image9829.jpg,Food
image4362.jpg,Attire
image76.jpg,Food
image7129.jpg,Food
image5765.jpg,Attire
image5398.jpg,Food
image10170.jpg,Attire
image6269.jpg,misc
image7534.jpg,Attire
image9744.jpg,Food
image7098.jpg,Decorationandsignage
image9915.jpg,Food
image9089.jpg,Attire
image5691.jpg,Food
image6297.jpg,Attire
image4477.jpg,Food
image4013.jpg,Food
image5520.jpg,Attire
image3529.jpg,Food
image6067.jpg,Attire
image1198.jpg,Attire
image3081.jpg,Food
image9347.jpg,Attire
image8831.jpg,Decorationandsignage
image6026.jpg,misc
image6925.jpg,misc
image10084.jpg,Attire
image6558.jpg,Food
image7672.jpg,Food
image1534.jpg,Food
image1471.jpg,Food
image7512.jpg,Food
image9612.jpg,Attire
image6729.jpg,Food
image4067.jpg,Food
image3738.jpg,Attire
image1774.jpg,Attire
image5673.jpg,Decorationandsignage
image8276.jpg,Food
image2984.jpg,Decorationandsignage
image770.jpg,misc
image7344.jpg,Decorationandsignage
image8102.jpg,Attire
image7850.jpg,Food
image989.jpg,Attire
image6758.jpg,Food
image7934.jpg,Attire
image7220.jpg,Attire
image4010.jpg,Food
image5488.jpg,Attire
image7275.jpg,Food
image10831.jpg,Attire
image4325.jpg,Attire
image2323.jpg,Food
image10664.jpg,Food
image8149.jpg,Food
image8478.jpg,Food
image3326.jpg,Attire
image9688.jpg,Attire
image5392.jpg,Attire
image4607.jpg,Attire
image7535.jpg,Food
image9419.jpg,Food
image1721.jpg,Food
image8927.jpg,Food
image6448.jpg,Food
image9770.jpg,Food
image5439.jpg,Attire
image5408.jpg,Food
image3642.jpg,Food
image7024.jpg,Food
image2441.jpg,Food
image1915.jpg,Food
image5843.jpg,Decorationandsignage
image4751.jpg,Attire
image6109.jpg,Attire
image4046.jpg,Food
image818.jpg,misc
image1906.jpg,Attire
image4718.jpg,Food
image1624.jpg,Attire
image2751.jpg,misc
image2550.jpg,misc
image6579.jpg,misc
image9490.jpg,misc
image371.jpg,Attire
image7068.jpg,misc
image10567.jpg,misc
image347.jpg,Food
image9792.jpg,Attire
image6210.jpg,Food
image6207.jpg,Attire
image4214.jpg,Food
image4151.jpg,Food
image1756.jpg,Food
image7916.jpg,Attire
image2242.jpg,misc
image1558.jpg,Attire
image8740.jpg,Food
image2621.jpg,Attire
image7860.jpg,Food
image4771.jpg,Food
image1696.jpg,misc
image3586.jpg,Attire
image4053.jpg,Attire
image6690.jpg,Attire
image4721.jpg,misc
image7048.jpg,Food
image9928.jpg,Food
image6636.jpg,Food
image7283.jpg,Attire
image1146.jpg,Food
image6543.jpg,Food
image3709.jpg,Food
image1430.jpg,Attire
image8321.jpg,Food
image8165.jpg,Attire
image7523.jpg,misc
image10269.jpg,Attire
image7738.jpg,Attire
image10481.jpg,Attire
image7188.jpg,Attire
image10598.jpg,Attire
image8545.jpg,Food
image2116.jpg,Food
image2833.jpg,Attire
image4315.jpg,Food
image8619.jpg,Decorationandsignage
image3147.jpg,Food
image10133.jpg,Food
image6831.jpg,Food
image3117.jpg,Food
image2035.jpg,Attire
image5042.jpg,Food
image9802.jpg,Food
image3052.jpg,misc
image4018.jpg,Food
image1562.jpg,Food
image10743.jpg,misc
image6088.jpg,Food
image10765.jpg,Food
image8099.jpg,Attire
image7217.jpg,Attire
image10542.jpg,misc
image1055.jpg,Food
image6620.jpg,Attire
image7549.jpg,Food
image6577.jpg,Food
image2806.jpg,Food
image6507.jpg,Attire
image9501.jpg,Food
image4068.jpg,misc
image4487.jpg,Decorationandsignage
image5583.jpg,Food
image8379.jpg,Food
image6288.jpg,Food
image8412.jpg,Food
image5472.jpg,Food
image7352.jpg,Food
image1524.jpg,misc
image979.jpg,Food
image2335.jpg,Food
image3634.jpg,misc
image10662.jpg,Attire
image6084.jpg,Attire
image7130.jpg,Attire
image3359.jpg,Food
image10555.jpg,Food
image4659.jpg,Food
image7281.jpg,Food
image10418.jpg,Attire
image4284.jpg,misc
image5311.jpg,Food
image4843.jpg,Attire
image9380.jpg,Food
image2337.jpg,Attire
image8595.jpg,Food
image2382.jpg,Decorationandsignage
image7212.jpg,Food
image10809.jpg,Attire
image1982.jpg,Food
image7977.jpg,Attire
image2286.jpg,Decorationandsignage
image7425.jpg,misc
image8183.jpg,Food
image2500.jpg,Food
image2745.jpg,Food
image6900.jpg,Food
image10026.jpg,Food
image10023.jpg,Attire
image5242.jpg,Food
image8103.jpg,misc
image8682.jpg,Food
image9587.jpg,Food
image8292.jpg,Food
image6693.jpg,Food
image396.jpg,Attire
image2287.jpg,Food
image5451.jpg,Food
image1465.jpg,Food
image1112.jpg,Food
image10761.jpg,Attire
image10236.jpg,Attire
image9933.jpg,misc
image10628.jpg,Food
image9361.jpg,Food
image7565.jpg,Food
image8676.jpg,misc
image8144.jpg,Food
image2331.jpg,misc
image9393.jpg,Food
image1691.jpg,Food
image4228.jpg,Food
image3122.jpg,Attire
image7853.jpg,misc
image8751.jpg,Attire
image3675.jpg,Food
image600.jpg,Attire
image1320.jpg,Food
image8546.jpg,misc
image7311.jpg,Food
image3127.jpg,Attire
image6575.jpg,Decorationandsignage
image3218.jpg,Attire
image744.jpg,Attire
image10231.jpg,Attire
image3409.jpg,Food
image2643.jpg,misc
image2668.jpg,Attire
image7328.jpg,Food
image2835.jpg,misc
image3889.jpg,Attire
image6074.jpg,Food
image8121.jpg,Attire
image1370.jpg,Decorationandsignage
image3865.jpg,misc
image4270.jpg,Attire
image2314.jpg,misc
image9278.jpg,Attire
image1325.jpg,Food
image8513.jpg,Food
image892.jpg,Attire
image7041.jpg,misc
image7377.jpg,misc
image4344.jpg,Food
image4476.jpg,Food
image7801.jpg,Food
image1039.jpg,Food
image4200.jpg,misc
image3441.jpg,misc
image279.jpg,Food
image8120.jpg,Food
image1737.jpg,Food
image2139.jpg,Food
image7248.jpg,misc
image6826.jpg,Attire
image723.jpg,Food
image10005.jpg,Food
image2838.jpg,Decorationandsignage
image3814.jpg,misc
image6743.jpg,Food
image10774.jpg,Attire
image9256.jpg,misc
image8192.jpg,Attire
image4780.jpg,Food
image194.jpg,Food
image2053.jpg,Decorationandsignage
image1773.jpg,Attire
image8434.jpg,Decorationandsignage
image6863.jpg,Attire
image2794.jpg,Food
image5095.jpg,misc
image5230.jpg,Food
image1673.jpg,misc
image10037.jpg,Food
image5733.jpg,Food
image5842.jpg,Attire
image1142.jpg,Food
image10350.jpg,Attire
image2729.jpg,Attire
image7474.jpg,misc
image10245.jpg,Food
image6040.jpg,Decorationandsignage
image9140.jpg,Food
image725.jpg,Food
image9998.jpg,Attire
image10777.jpg,Attire
image2387.jpg,Food
image1519.jpg,Food
image153.jpg,Food
image1399.jpg,Food
image7666.jpg,Food
image8966.jpg,misc
image5319.jpg,Food
image2049.jpg,Food
image4557.jpg,Food
image10009.jpg,Food
image9314.jpg,misc
image424.jpg,Food
image5046.jpg,Food
image514.jpg,Food
image8108.jpg,Food
image9121.jpg,Attire
image1075.jpg,misc
image5481.jpg,Food
image6528.jpg,Food
image668.jpg,Attire
image9696.jpg,Food
image9799.jpg,misc
image3109.jpg,Attire
image5671.jpg,Food
image8421.jpg,Attire
image9878.jpg,Food
image312.jpg,misc
image4628.jpg,Food
image10518.jpg,Food
image8398.jpg,Food
image5266.jpg,Food
image3551.jpg,Decorationandsignage
image9884.jpg,misc
image2912.jpg,misc
image8527.jpg,misc
image3876.jpg,Food
image4650.jpg,Food
image8994.jpg,Food
image6463.jpg,Attire
image3319.jpg,Decorationandsignage
image7106.jpg,Food
image4473.jpg,Attire
image493.jpg,Food
image6981.jpg,Food
image2789.jpg,misc
image4892.jpg,Attire
image8657.jpg,Food
image6182.jpg,Food
image2659.jpg,misc
image1503.jpg,Attire
image9098.jpg,misc
image10330.jpg,Decorationandsignage
image5156.jpg,Food
image10770.jpg,Food
image8291.jpg,Food
image3736.jpg,Food
image8853.jpg,Food
image1840.jpg,misc
image8349.jpg,misc
image10510.jpg,misc
image4674.jpg,Attire
image5274.jpg,Food
image8645.jpg,Attire
image10501.jpg,Food
image5675.jpg,Food
image6847.jpg,misc
image10124.jpg,Food
image5216.jpg,Food
image4308.jpg,Food
image2575.jpg,Food
image4207.jpg,Attire
image2777.jpg,Food
image9220.jpg,misc
image324.jpg,Food
image9942.jpg,Attire
image6968.jpg,Food
image4184.jpg,Food
image8551.jpg,Food
image7096.jpg,Attire
image819.jpg,Attire
image8532.jpg,Food
image2391.jpg,Attire
image9972.jpg,Food
image8177.jpg,misc
image8688.jpg,Attire
image8473.jpg,Attire
image7272.jpg,misc
image1960.jpg,Food
image2142.jpg,Food
image4031.jpg,Food
image10238.jpg,Food
image6130.jpg,misc
image9352.jpg,Food
image4866.jpg,Food
image8593.jpg,Attire
image462.jpg,Attire
image4156.jpg,misc
image4549.jpg,Food
image3648.jpg,Food
image3550.jpg,Food
image9964.jpg,Food
image2483.jpg,Food
image7371.jpg,Food
image1613.jpg,misc
image7959.jpg,Food
image1625.jpg,Food
image3570.jpg,Decorationandsignage
image9418.jpg,Attire
image7132.jpg,Decorationandsignage
image572.jpg,Food
image5761.jpg,Food
image6255.jpg,misc
image1263.jpg,Food
image7421.jpg,Food
image2955.jpg,misc
image8675.jpg,Attire
image6670.jpg,Food
image4341.jpg,Attire
image6399.jpg,Food
image4680.jpg,Attire
image5020.jpg,misc
image3177.jpg,Attire
image10024.jpg,misc
image2205.jpg,Food
image7142.jpg,Attire
image10027.jpg,Attire
image8485.jpg,Food
image2330.jpg,Food
image4337.jpg,Food
image10874.jpg,misc
image9219.jpg,Food
image5849.jpg,Food
image4889.jpg,Attire
image10364.jpg,Attire
image9824.jpg,Food
image6213.jpg,Attire
image10429.jpg,Attire
image9453.jpg,Food
image9411.jpg,Food
image9020.jpg,Food
image7827.jpg,Food
image9405.jpg,Attire
image9961.jpg,Attire
image335.jpg,Attire
image8174.jpg,Food
image4848.jpg,Attire
image8733.jpg,Food
image367.jpg,misc
image7015.jpg,Attire
image9181.jpg,Attire
image8199.jpg,Food
image3057.jpg,Food
image923.jpg,Food
image1716.jpg,Food
image10411.jpg,Attire
image8725.jpg,Attire
image7559.jpg,Food
image4717.jpg,Food
image4910.jpg,Food
image8921.jpg,Food
image4399.jpg,Attire
image1245.jpg,Attire
image9437.jpg,misc
image2601.jpg,Food
image4074.jpg,Attire
image7772.jpg,Attire
image5443.jpg,Food
image8150.jpg,Attire
image1123.jpg,Decorationandsignage
image5048.jpg,misc
image10748.jpg,Attire
image9978.jpg,misc
image5315.jpg,Attire
image10552.jpg,Food
image7495.jpg,Food
image1653.jpg,misc
image6025.jpg,Food
image5500.jpg,Attire
image6536.jpg,Food
image5533.jpg,Food
image7445.jpg,Food
image10827.jpg,Food
image6231.jpg,Food
image4334.jpg,Food
image9712.jpg,Food
image5588.jpg,Attire
image215.jpg,Food
image2896.jpg,Attire
image3480.jpg,Food
image10825.jpg,Attire
image5316.jpg,Attire
image1752.jpg,Food
image2461.jpg,Food
image1203.jpg,Food
image5949.jpg,Food
image1674.jpg,Attire
image10169.jpg,Food
image9408.jpg,Attire
image968.jpg,Food
image9509.jpg,Attire
image6815.jpg,Food
image7408.jpg,Food
image5165.jpg,Food
image7825.jpg,Food
image2145.jpg,Attire
image1828.jpg,Food
image3305.jpg,Food
image8812.jpg,Attire
image1984.jpg,Attire
image1602.jpg,Decorationandsignage
image6071.jpg,Decorationandsignage
image458.jpg,misc
image1027.jpg,Attire
image5188.jpg,Attire
image2444.jpg,Decorationandsignage
image68.jpg,misc
image6285.jpg,Food
image5724.jpg,Attire
image6105.jpg,misc
image1597.jpg,misc
image8430.jpg,Food
image5024.jpg,Food
image5327.jpg,misc
image8270.jpg,Attire
image9258.jpg,Food
image928.jpg,Food
image6449.jpg,Food
image2175.jpg,misc
image2427.jpg,Attire
image4002.jpg,Food
image4827.jpg,Food
image4822.jpg,Food
image7859.jpg,Food
image866.jpg,Decorationandsignage
image3500.jpg,Attire
image5371.jpg,misc
image6501.jpg,Food
image6010.jpg,Food
image9211.jpg,Food
image8395.jpg,Food
image3398.jpg,misc
image9111.jpg,Attire
image6574.jpg,Food
image10210.jpg,Food
image8052.jpg,misc
image9699.jpg,Food
image7660.jpg,Attire
image1642.jpg,Food
image7585.jpg,misc
image3056.jpg,Food
image5968.jpg,Food
image4377.jpg,Food
image9006.jpg,Food
image3783.jpg,misc
image9191.jpg,Decorationandsignage
image3448.jpg,Food
image2848.jpg,misc
image1056.jpg,Attire
image3471.jpg,misc
image6132.jpg,Attire
image6282.jpg,Attire
image4651.jpg,misc
image10159.jpg,Attire
image7530.jpg,misc
image7383.jpg,Food
image2109.jpg,Food
image7375.jpg,Attire
image10455.jpg,Attire
image9493.jpg,Food
image9443.jpg,Attire
image6697.jpg,Attire
image3277.jpg,Attire
image5101.jpg,Food
image298.jpg,Attire
image9472.jpg,Food
image8193.jpg,Food
image5953.jpg,misc
image5546.jpg,Food
image1291.jpg,Food
image1783.jpg,Food
image8646.jpg,Attire
image7107.jpg,misc
image884.jpg,misc
image8818.jpg,Attire
image6624.jpg,Attire
image6053.jpg,Food
image5659.jpg,Food
image7067.jpg,Attire
image2726.jpg,misc
image7317.jpg,Food
image4895.jpg,misc
image8638.jpg,Food
image1594.jpg,Food
image2597.jpg,Food
image6367.jpg,Food
image3591.jpg,Food
image9291.jpg,Food
image6907.jpg,Decorationandsignage
image10297.jpg,Food
image9869.jpg,Food
image6497.jpg,Food
image5332.jpg,misc
image3214.jpg,Food
image6704.jpg,Food
image2867.jpg,Food
image1439.jpg,Food
image561.jpg,Food
image6177.jpg,Food
image5347.jpg,misc
image761.jpg,Attire
image8910.jpg,Attire
image5527.jpg,Food
image10747.jpg,Food
image7601.jpg,Attire
image5539.jpg,Attire
image7865.jpg,Attire
image4921.jpg,misc
image4982.jpg,Attire
image7254.jpg,Food
image3444.jpg,Food
image3610.jpg,Food
image6514.jpg,Food
image438.jpg,Food
image9299.jpg,Food
image9700.jpg,Food
image2349.jpg,Attire
image7125.jpg,Food
image3440.jpg,Food
image8579.jpg,Food
image5478.jpg,Attire
image1175.jpg,Food
image9565.jpg,Food
image9678.jpg,Attire
image6950.jpg,Attire
image2135.jpg,Food
image5542.jpg,Food
image2085.jpg,misc
image3144.jpg,Food
image7206.jpg,Food
image7228.jpg,Attire
image5268.jpg,Food
image5351.jpg,Food
image1260.jpg,Food
image7800.jpg,Food
image2888.jpg,misc
image10548.jpg,Attire
image1108.jpg,Attire
image3352.jpg,misc
image1037.jpg,Food
image6934.jpg,Food
image8025.jpg,Attire
image5754.jpg,Attire
image7569.jpg,misc
image10327.jpg,Attire
image5493.jpg,Food
image7967.jpg,Food
image9165.jpg,Attire
image2757.jpg,misc
image8095.jpg,Attire
image4503.jpg,Food
image9580.jpg,Food
image3382.jpg,Decorationandsignage
image8709.jpg,Food
image3470.jpg,Attire
image10884.jpg,misc
image3028.jpg,Food
image2221.jpg,Attire
image2543.jpg,Attire
image541.jpg,Attire
image1084.jpg,Food
image7458.jpg,Food
image7932.jpg,misc
image9438.jpg,Food
image4332.jpg,Attire
image4263.jpg,Attire
image5437.jpg,Decorationandsignage
image2611.jpg,Food
image8404.jpg,Food
image5522.jpg,Food
image3168.jpg,misc
image2001.jpg,misc
image4857.jpg,Attire
image3047.jpg,Attire
image7723.jpg,Food
image5211.jpg,Food
image9970.jpg,Food
image5959.jpg,Decorationandsignage
image4446.jpg,Attire
image171.jpg,Food
image3619.jpg,Attire
image7050.jpg,Food
image10309.jpg,Attire
image10845.jpg,Food
image10342.jpg,Food
image7767.jpg,misc
image4923.jpg,Attire
image9072.jpg,Food
image1224.jpg,Food
image4186.jpg,Attire
image10821.jpg,Attire
image10450.jpg,Food
image5210.jpg,Food
image3283.jpg,misc
image10576.jpg,Food
image2739.jpg,Food
image10067.jpg,Food
image5502.jpg,Food
image4331.jpg,Attire
image10081.jpg,misc
image10810.jpg,Food
image5827.jpg,misc
image7616.jpg,Food
image1151.jpg,Attire
image3237.jpg,Decorationandsignage
image6357.jpg,Food
image4658.jpg,Food
image9793.jpg,Food
image5569.jpg,Food
image1120.jpg,Attire
image505.jpg,Attire
image4345.jpg,Food
image6489.jpg,Food
image2032.jpg,Attire
image1377.jpg,misc
image5537.jpg,Attire
image2593.jpg,Attire
image6475.jpg,Attire
image5240.jpg,Food
image869.jpg,Food
image7277.jpg,Food
image569.jpg,misc
image9484.jpg,Food
image6179.jpg,Food
image2327.jpg,Food
image9236.jpg,misc
image7428.jpg,Food
image8855.jpg,Decorationandsignage
image2684.jpg,misc
image2457.jpg,Food
image6522.jpg,Food
image7099.jpg,Food
image5255.jpg,Food
image10145.jpg,Attire
image1887.jpg,Food
image1375.jpg,Food
image10305.jpg,Food
image1072.jpg,misc
image7308.jpg,misc
image685.jpg,Food
image3536.jpg,Attire
image178.jpg,Food
image3677.jpg,Food
image8599.jpg,Attire
image8727.jpg,Decorationandsignage
image7215.jpg,Food
image6028.jpg,Food
image271.jpg,Food
image10886.jpg,Food
image10858.jpg,Attire
image7001.jpg,Food
image85.jpg,Food
image10756.jpg,Food
image10768.jpg,Food
image8787.jpg,Food
image511.jpg,Food
image4234.jpg,misc
image4527.jpg,Food
image362.jpg,Food
image3021.jpg,Food
image8198.jpg,misc
image9892.jpg,Attire
image9768.jpg,Food
image3090.jpg,Attire
image5832.jpg,Decorationandsignage
image10278.jpg,Food
image5609.jpg,Food
image7034.jpg,Food
image7503.jpg,Food
image6848.jpg,Attire
image8766.jpg,misc
image1059.jpg,Food
image2352.jpg,Attire
image6038.jpg,Food
image10669.jpg,misc
image9708.jpg,Food
image2172.jpg,Food
image8273.jpg,Food
image10784.jpg,Food
image3402.jpg,Food
image6630.jpg,Food
image2540.jpg,Food
image7013.jpg,Food
image6332.jpg,Food
image4032.jpg,Food
image1569.jpg,Decorationandsignage
image3537.jpg,misc
image547.jpg,Attire
image3106.jpg,Food
image7097.jpg,Food
image5535.jpg,misc
image8961.jpg,Attire
image2641.jpg,Food
image4605.jpg,Food
image10151.jpg,Attire
image6480.jpg,misc
image10317.jpg,Attire
image4706.jpg,Food
image8363.jpg,Food
image3600.jpg,Food
image1767.jpg,Food
image9879.jpg,Food
image269.jpg,Food
image9530.jpg,Attire
image451.jpg,misc
image7085.jpg,Food
image4749.jpg,Attire
image7137.jpg,Food
image2028.jpg,misc
image549.jpg,Attire
image1546.jpg,Food
image10744.jpg,Food
image9563.jpg,Food
image6809.jpg,Food
image7267.jpg,Food
image8449.jpg,Attire
image5769.jpg,misc
image5906.jpg,misc
image7218.jpg,Decorationandsignage
image10530.jpg,Food
image10478.jpg,Food
image6037.jpg,misc
image8091.jpg,Food
image10872.jpg,Food
image8789.jpg,Food
image9243.jpg,Food
image234.jpg,Attire
image8167.jpg,Food
image4646.jpg,Food
image2528.jpg,Food
image5838.jpg,misc
image1022.jpg,Attire
image5445.jpg,Food
image10349.jpg,Food
image7072.jpg,Attire
image2138.jpg,Food
image3193.jpg,misc
image10436.jpg,Food
image10611.jpg,Attire
image649.jpg,Decorationandsignage
image1082.jpg,Food
image8735.jpg,Food
image2276.jpg,misc
image745.jpg,Food
image6778.jpg,Food
image3978.jpg,Attire
image4897.jpg,misc
image6050.jpg,misc
image7033.jpg,Food
image10178.jpg,Food
image1497.jpg,Attire
image2982.jpg,misc
image6582.jpg,Food
image355.jpg,Food
image5136.jpg,misc
image652.jpg,Food
image10191.jpg,Attire
image4514.jpg,Attire
image1730.jpg,Attire
image3349.jpg,Attire
image10115.jpg,Food
image3679.jpg,Food
image497.jpg,Food
image9344.jpg,Food
image2475.jpg,Attire
image8728.jpg,Food
image1287.jpg,Food
image7869.jpg,Food
image7900.jpg,Food
image373.jpg,Food
image8881.jpg,Food
image4902.jpg,Decorationandsignage
image5826.jpg,Food
image9374.jpg,Food
image4199.jpg,Attire
image9403.jpg,Food
image272.jpg,misc
image4104.jpg,Food
image797.jpg,misc
image10158.jpg,Food
image4793.jpg,Food
image861.jpg,Attire
image213.jpg,Food
image10583.jpg,Food
image7177.jpg,Food
image10147.jpg,Attire
image8058.jpg,Attire
image10640.jpg,Attire
image9025.jpg,misc
image3994.jpg,misc
image8935.jpg,Food
image7763.jpg,misc
image7609.jpg,misc
image5126.jpg,Attire
image9066.jpg,Decorationandsignage
image6530.jpg,Food
image6957.jpg,Food
image1601.jpg,Food
image2701.jpg,Attire
image4185.jpg,misc
image513.jpg,Food
image4297.jpg,misc
image8432.jpg,misc
image6390.jpg,Food
image2134.jpg,Attire
image1479.jpg,Food
image6914.jpg,Food
image6081.jpg,misc
image4086.jpg,misc
image1736.jpg,Food
image7505.jpg,Food
image554.jpg,Food
image360.jpg,misc
image1544.jpg,Food
image2925.jpg,Food
image656.jpg,Attire
image9465.jpg,Food
image1038.jpg,Food
image9062.jpg,Food
image4759.jpg,Food
image6555.jpg,Decorationandsignage
image2878.jpg,Attire
image5870.jpg,Attire
image9897.jpg,Food
image7987.jpg,Food
image8384.jpg,Food
image9442.jpg,Attire
image3862.jpg,Food
image3260.jpg,Food
image6977.jpg,Food
image6378.jpg,Food
image2566.jpg,misc
image3628.jpg,Food
image1468.jpg,Food
image9684.jpg,Attire
image9240.jpg,Food
image4957.jpg,Food
image9944.jpg,Attire
image5630.jpg,Attire
image120.jpg,Food
image7993.jpg,Attire
image8231.jpg,Food
image1535.jpg,Decorationandsignage
image8951.jpg,Attire
image6407.jpg,misc
image10410.jpg,Food
image8261.jpg,Food
image5450.jpg,Decorationandsignage
image9511.jpg,Attire
image2013.jpg,misc
image6364.jpg,Food
image9200.jpg,misc
image9153.jpg,Attire
image1220.jpg,misc
image7942.jpg,Food
image7603.jpg,misc
image1929.jpg,Food
image5857.jpg,Food
image2007.jpg,misc
image2146.jpg,Attire
image1588.jpg,Food
image5337.jpg,Food
image3449.jpg,Food
image3183.jpg,Attire
image5667.jpg,misc
image1332.jpg,Attire
image4222.jpg,Food
image1486.jpg,Food
image10217.jpg,Attire
image740.jpg,Attire
image5705.jpg,Attire
image8891.jpg,Food
image7362.jpg,Attire
image1207.jpg,Food
image3019.jpg,Food
image2179.jpg,Decorationandsignage
image1778.jpg,Food
image8587.jpg,Food
image6910.jpg,Attire
image9163.jpg,misc
image8867.jpg,misc
image7905.jpg,Food
image3039.jpg,Attire
image6617.jpg,Attire
image7064.jpg,Attire
image1731.jpg,Food
image2041.jpg,Food
image6070.jpg,Attire
image3280.jpg,misc
image9958.jpg,Food
image9293.jpg,Attire
image10685.jpg,Food
image9945.jpg,Food
image9988.jpg,Food
image7306.jpg,misc
image2610.jpg,Food
image2627.jpg,Food
image6962.jpg,misc
image10012.jpg,Attire
image4271.jpg,Attire
image10008.jpg,Attire
image3143.jpg,misc
image8429.jpg,Attire
image750.jpg,Food
image7940.jpg,misc
image8075.jpg,misc
image8684.jpg,Attire
image10694.jpg,Food
image5173.jpg,Food
image5801.jpg,misc
image6963.jpg,Food
image1857.jpg,Attire
image10508.jpg,Decorationandsignage
image329.jpg,Food
image7339.jpg,Food
image280.jpg,Attire
image4802.jpg,Food
image6429.jpg,Food
image5448.jpg,misc
image2570.jpg,Food
image10047.jpg,Food
image9594.jpg,misc
image5389.jpg,Attire
image519.jpg,Food
image2747.jpg,Food
image5112.jpg,Food
image9653.jpg,Food
image4604.jpg,Food
image8714.jpg,Food
image9987.jpg,misc
image3337.jpg,Food
image416.jpg,Food
image2675.jpg,Food
image8033.jpg,Food
image10623.jpg,misc
image2818.jpg,misc
image9368.jpg,Attire
image5404.jpg,Food
image7731.jpg,Food
image6410.jpg,Food
image9882.jpg,Food
image7664.jpg,Food
image6243.jpg,misc
image784.jpg,Food
image141.jpg,misc
image10659.jpg,Attire
image5062.jpg,Attire
image10596.jpg,Food
image9130.jpg,Food
image10570.jpg,Attire
image4452.jpg,Attire
image1718.jpg,Food
image9671.jpg,Food
image9913.jpg,Food
image1036.jpg,Decorationandsignage
image2650.jpg,misc
image1417.jpg,Food
image6265.jpg,misc
image5877.jpg,Food
image9656.jpg,misc
image6333.jpg,Food
image3680.jpg,Food
image6075.jpg,Decorationandsignage
image8213.jpg,Food
image1539.jpg,Food
image9969.jpg,Attire
image3870.jpg,misc
image1096.jpg,Food
image2951.jpg,Food
image7456.jpg,Food
image7111.jpg,Food
image148.jpg,Food
image145.jpg,Food
image9260.jpg,Food
image7187.jpg,Food
image3828.jpg,Food
image10736.jpg,misc
image9801.jpg,Attire
image1872.jpg,Food
image7133.jpg,Food
image4630.jpg,misc
image1766.jpg,Food
image9499.jpg,Food
image796.jpg,misc
image10850.jpg,misc
image7057.jpg,Food
image4335.jpg,Food
image10836.jpg,Food
image10363.jpg,Attire
image7856.jpg,Food
image256.jpg,Food
image6166.jpg,Attire
image9701.jpg,Food
image4967.jpg,Food
image7263.jpg,Food
image10307.jpg,misc
image1869.jpg,misc
image1193.jpg,misc
image3690.jpg,misc
image4932.jpg,misc
image1917.jpg,Attire
image9837.jpg,misc
image6805.jpg,Attire
image5934.jpg,misc
image3126.jpg,Food
image10360.jpg,Food
image4961.jpg,Food
image2338.jpg,Attire
image7506.jpg,Food
image8924.jpg,Food
image8032.jpg,Food
image6122.jpg,misc
image2753.jpg,Food
image10046.jpg,Food
image10150.jpg,Food
image388.jpg,misc
image2339.jpg,misc
image6156.jpg,Attire
image10830.jpg,misc
image4914.jpg,Food
image155.jpg,Attire
image10119.jpg,misc
image5572.jpg,Food
image9529.jpg,Food
image4461.jpg,Attire
image9454.jpg,Attire
image3544.jpg,Food
image2914.jpg,Attire
image2738.jpg,Decorationandsignage
image2613.jpg,Food
image2856.jpg,Decorationandsignage
image9274.jpg,Attire
image4442.jpg,misc
image5119.jpg,Food
image8564.jpg,Attire
image4836.jpg,Food
image1530.jpg,Food
image336.jpg,Food
image7734.jpg,misc
image537.jpg,Food
image2448.jpg,Food
image1924.jpg,Food
image8569.jpg,Food
image8474.jpg,Food
image9538.jpg,misc
image1816.jpg,misc
image5943.jpg,Food
image1235.jpg,Food
image3141.jpg,Food
image4665.jpg,misc
image10691.jpg,Attire
image2177.jpg,Food
image1978.jpg,Food
image8302.jpg,Food
image6005.jpg,Attire
image4319.jpg,Attire
image8222.jpg,Food
image4968.jpg,misc
image6673.jpg,Food
image3442.jpg,Attire
image8178.jpg,Food
image5367.jpg,misc
